{
    "mod_id": "konfig",
    "author": "ShadowDev#6969",
    "name": "Konfig",
    "description": "Konfig",
    "source": "github",
    "version": "1.0.0",
    "dependencies": [
        {
            "id": "SpaceWarp",
            "version": {
                "min": "0.4.0",
                "max": "1.0.0"
            }
        },
        {
            "id": "ShadowUtilityLIB",
            "version": {
                "min": "0.0.3",
                "max": "2.0.0"
            }
        }
    ],
    "ksp2_version": {
        "min": "0.1.0",
        "max": "0.2.0"
    }
}